player_id,player_name,season,trade_date,team_from,team_to,pre_games,post_games,shift_bucket,pre_min,pre_pts,pre_reb,pre_ast,pre_stl,pre_blk,pre_tov,pre_fg_pct,pre_fg3_pct,pre_ft_pct,pre_ts_pct,pre_usg_rate,pre_plus_minus,pre_pts_per_min,pre_ast_per_min,pre_reb_per_min,pre_tov_per_min,team_from_off_rating,team_to_off_rating,team_from_def_rating,team_to_def_rating,team_from_net_rating,team_to_net_rating,team_from_pace,team_to_pace,team_from_ts_pct,team_to_ts_pct,team_from_efg_pct,team_to_efg_pct,team_from_ast_pct,team_to_ast_pct,team_from_tm_tov_pct,team_to_tm_tov_pct,team_from_reb_pct,team_to_reb_pct,delta_team_off_rating,delta_team_def_rating,delta_team_net_rating,delta_team_pace,delta_team_ts_pct,delta_team_efg_pct,delta_team_ast_pct,delta_team_tm_tov_pct,delta_team_reb_pct,shift_magnitude,delta_pts,delta_ts_pct,delta_usg_rate,post_pts,post_ts_pct,post_usg_rate
1629029,Luka Doncic,2024-25,2025-02-02,DAL,LAL,22,28,small_shift,35.5455,28.1364,8.3182,7.8182,2.0,0.4091,3.4091,0.4648,0.3506,0.7655,0.5837,185.4732,7.6364,0.7916,0.2199,0.234,0.0959,113.7,115.0,115.0,113.8,-1.3,1.2,100.15,98.34,0.583,0.593,0.549,0.557,0.601,0.635,0.14,0.142,0.488,0.495,1.2999999999999972,-1.2000000000000028,2.5,-1.8100000000000023,0.010000000000000009,0.008000000000000007,0.03400000000000003,0.001999999999999974,0.007000000000000006,1.3772872944323893,0.0422,0.0064,6.1368,28.1786,0.5901,191.61
202710,Jimmy Butler,2024-25,2025-02-06,MIA,GSW,25,30,medium_shift,30.6,17.04,5.24,4.8,1.08,0.4,1.2,0.5259,0.3066,0.7062,0.638,117.5792,2.32,0.5569,0.1569,0.1712,0.0392,112.4,114.2,112.0,111.0,0.4,3.2,97.08,99.37,0.576,0.568,0.544,0.536,0.653,0.714,0.138,0.141,0.496,0.509,1.7999999999999972,-1.0,2.8000000000000003,2.2900000000000063,-0.008000000000000007,-0.008000000000000007,0.06099999999999994,0.002999999999999975,0.013000000000000012,2.2565716018530404,0.8933,-0.0205,0.3876,17.9333,0.6175,117.9668
203897,Zach LaVine,2024-25,2025-02-06,CHI,SAC,42,31,large_shift,34.2143,23.9762,4.8095,4.5,0.9286,0.2381,2.881,0.4968,0.4279,0.7208,0.6373,146.862,0.2381,0.7008,0.1315,0.1406,0.0842,113.2,115.9,114.8,115.3,-1.6,0.6,103.61,98.91,0.585,0.582,0.553,0.548,0.673,0.615,0.141,0.133,0.496,0.51,2.700000000000003,0.5,2.2,-4.700000000000003,-0.0030000000000000027,-0.0050000000000000044,-0.05800000000000005,-0.00799999999999998,0.014000000000000012,2.3025270552549952,-1.2665,0.0114,-13.2841,22.7097,0.6486,133.5779
1627827,Dorian Finney-Smith,2024-25,2024-12-29,BKN,LAL,20,43,small_shift,28.95,10.4,4.55,1.55,0.9,0.6,0.9,0.4584,0.4296,0.1798,0.6134,80.3733,2.05,0.3592,0.0535,0.1572,0.0311,108.1,115.0,115.4,113.8,-7.3,1.2,96.73,98.34,0.552,0.593,0.516,0.557,0.669,0.635,0.156,0.142,0.487,0.495,6.900000000000006,-1.6000000000000085,8.5,1.6099999999999994,0.040999999999999925,0.041000000000000036,-0.03400000000000003,-0.014000000000000012,0.008000000000000007,1.8367012589689362,-2.4698,-0.0156,-16.7546,7.9302,0.5977,63.6187
203471,Dennis Schroder,2024-25,2024-12-15,BKN,GSW,23,24,medium_shift,33.5217,18.4348,2.9565,6.6087,1.1304,0.1739,2.5652,0.4515,0.3721,0.679,0.5878,135.0431,-0.087,0.5499,0.1971,0.0882,0.0765,108.1,114.2,115.4,111.0,-7.3,3.2,96.73,99.37,0.552,0.568,0.516,0.536,0.669,0.714,0.156,0.141,0.487,0.509,6.1000000000000085,-4.400000000000006,10.5,2.6400000000000006,0.015999999999999903,0.020000000000000018,0.04499999999999993,-0.015000000000000013,0.02200000000000002,2.120299510263175,-7.8514,-0.1142,-14.0297,10.5833,0.4736,121.0134
203471,Dennis Schroder,2024-25,2025-02-06,GSW,DET,24,28,medium_shift,26.2917,10.5833,2.3333,4.375,1.0417,0.125,2.0,0.3776,0.3502,0.5312,0.4736,121.0134,-5.4167,0.4025,0.1664,0.0887,0.0761,114.2,114.6,111.0,112.5,3.2,2.1,99.37,100.27,0.568,0.58,0.536,0.547,0.714,0.618,0.141,0.147,0.509,0.511,0.3999999999999915,1.5,-1.1,0.8999999999999915,0.01200000000000001,0.01100000000000001,-0.09599999999999997,0.006000000000000005,0.0020000000000000018,2.238376103453066,0.2024,0.0413,-9.7309,10.7857,0.5149,111.2825
1629631,De'Andre Hunter,2024-25,2025-02-06,ATL,CLE,37,27,medium_shift,28.7297,18.973,3.9189,1.5405,0.8378,0.1351,1.5946,0.4534,0.3903,0.8102,0.6164,137.2079,-1.5946,0.6604,0.0536,0.1364,0.0555,113.7,121.0,114.8,111.8,-1.1,9.2,103.41,100.31,0.579,0.607,0.546,0.578,0.682,0.631,0.149,0.131,0.503,0.505,7.299999999999997,-3.0,10.299999999999999,-3.0999999999999943,0.028000000000000025,0.03199999999999992,-0.051000000000000045,-0.017999999999999988,0.0020000000000000018,1.9859437618212707,-4.6767,0.0178,-21.8706,14.2963,0.6342,115.3373
1627783,Pascal Siakam,2023-24,2024-01-17,TOR,IND,39,41,medium_shift,34.7436,22.1795,6.3077,4.8718,0.8205,0.2564,2.1282,0.5174,0.2846,0.7235,0.5998,142.5555,0.2308,0.6384,0.1402,0.1815,0.0613,111.8,120.5,118.1,117.6,-6.3,2.9,99.91,102.16,0.566,0.606,0.535,0.578,0.674,0.654,0.139,0.126,0.484,0.492,8.700000000000003,-0.5,9.2,2.25,0.040000000000000036,0.04299999999999993,-0.020000000000000018,-0.013000000000000012,0.008000000000000007,2.1520938627949153,-0.9112,0.0023,-1.7585,21.2683,0.6021,140.7969
1628384,OG Anunoby,2023-24,2024-01-01,TOR,NYK,27,23,large_shift,33.4074,15.1111,3.9259,2.6667,1.037,0.4815,1.5926,0.4889,0.38,0.429,0.5978,102.3289,1.3704,0.4523,0.0798,0.1175,0.0477,111.8,117.3,118.1,112.4,-6.3,4.9,99.91,95.96,0.566,0.574,0.535,0.54,0.674,0.59,0.139,0.138,0.484,0.527,5.5,-5.699999999999989,11.2,-3.950000000000003,0.008000000000000007,0.0050000000000000044,-0.08400000000000007,-0.0010000000000000009,0.04300000000000004,2.6336816014136404,-0.9807,-0.0067,-4.8661,14.1304,0.5911,97.4628
1627741,Buddy Hield,2023-24,2024-02-08,IND,PHI,52,32,large_shift,25.6346,11.9808,3.2115,2.6731,0.8269,0.5962,1.1923,0.4291,0.3648,0.258,0.5861,104.6009,1.75,0.4674,0.1043,0.1253,0.0465,120.5,116.2,117.6,113.0,2.9,3.1,102.16,98.17,0.606,0.574,0.578,0.532,0.654,0.6,0.126,0.122,0.492,0.493,-4.299999999999997,-4.599999999999994,0.20000000000000018,-3.989999999999995,-0.03200000000000003,-0.04599999999999993,-0.05400000000000005,-0.0040000000000000036,0.0010000000000000009,3.394992299405422,0.2067,-0.0199,9.479,12.1875,0.5661,114.0799
1629655,Daniel Gafford,2023-24,2024-02-08,WAS,DAL,45,29,medium_shift,26.4444,10.8889,8.0222,1.5333,0.9778,2.1556,1.0222,0.7067,0.0,0.5892,0.7074,76.7745,-4.1333,0.4118,0.058,0.3034,0.0387,110.2,117.0,118.9,114.9,-8.7,2.1,103.07,100.6,0.567,0.592,0.538,0.562,0.65,0.596,0.136,0.124,0.459,0.485,6.799999999999997,-4.0,10.799999999999999,-2.469999999999999,0.025000000000000022,0.02400000000000002,-0.05400000000000005,-0.01200000000000001,0.025999999999999968,1.8612611848286833,0.2835,0.0617,14.7561,11.1724,0.7691,91.5306
1629023,P.J. Washington,2023-24,2024-02-08,CHA,DAL,44,29,medium_shift,29.25,13.6364,5.2727,2.2045,0.8636,0.7273,1.5,0.4138,0.3,0.4459,0.5451,117.5125,-6.5682,0.4662,0.0754,0.1803,0.0513,108.6,117.0,119.2,114.9,-10.6,2.1,97.81,100.6,0.56,0.592,0.529,0.562,0.62,0.596,0.14,0.124,0.475,0.485,8.400000000000006,-4.299999999999997,12.7,2.789999999999992,0.03199999999999992,0.03300000000000003,-0.02400000000000002,-0.016000000000000014,0.010000000000000009,2.161782299106557,-1.9467,-0.0227,-26.882,11.6897,0.5224,90.6305
202330,Gordon Hayward,2023-24,2024-02-08,CHA,OKC,25,26,large_shift,31.92,14.48,4.68,4.64,1.12,0.48,2.04,0.4531,0.3233,0.5869,0.5441,117.9639,-5.32,0.4536,0.1454,0.1466,0.0639,108.6,118.3,119.2,111.0,-10.6,7.3,97.81,100.85,0.56,0.608,0.529,0.573,0.62,0.609,0.14,0.125,0.475,0.484,9.700000000000003,-8.200000000000003,17.9,3.039999999999992,0.04799999999999993,0.04399999999999993,-0.01100000000000001,-0.015000000000000013,0.009000000000000008,3.326204885757047,-9.1723,0.0161,-44.7368,5.3077,0.5602,73.227
202681,Kyrie Irving,2022-23,2023-02-06,BKN,DAL,40,20,small_shift,36.925,27.1,5.1,5.275,1.025,0.825,2.275,0.4854,0.3605,0.8302,0.6037,162.6659,3.2,0.7339,0.1429,0.1381,0.0616,114.6,115.9,113.5,116.1,1.1,-0.2,98.77,97.21,0.598,0.599,0.562,0.565,0.616,0.573,0.139,0.124,0.472,0.471,1.3000000000000114,2.5999999999999943,-1.3,-1.5600000000000023,0.0010000000000000009,0.0029999999999998916,-0.04300000000000004,-0.015000000000000013,-0.0010000000000000009,1.684978169254422,-0.15,0.0299,-13.0575,26.95,0.6336,149.6084
1626156,D'Angelo Russell,2022-23,2023-02-09,MIN,LAL,54,17,small_shift,32.963,17.9074,3.0556,6.1852,1.1111,0.3889,2.7222,0.4592,0.3711,0.6048,0.604,125.8002,-1.0556,0.5433,0.1876,0.0927,0.0826,113.3,113.9,113.1,113.2,0.2,0.7,101.55,101.92,0.592,0.582,0.56,0.542,0.61,0.589,0.15,0.137,0.485,0.505,0.6000000000000085,0.10000000000000853,0.49999999999999994,0.37000000000000455,-0.010000000000000009,-0.018000000000000016,-0.02100000000000002,-0.012999999999999984,0.020000000000000018,1.3402900229255887,-0.4956,0.0061,0.0089,17.4118,0.6102,125.8091
201144,Mike Conley,2022-23,2023-02-09,UTA,MIN,43,24,small_shift,29.6279,10.7209,2.4884,7.6744,1.0233,0.2326,1.7209,0.4013,0.3185,0.5715,0.5524,91.6069,0.6744,0.3619,0.259,0.084,0.0581,115.3,113.3,116.0,113.1,-0.7,0.2,101.02,101.55,0.584,0.592,0.547,0.56,0.611,0.61,0.151,0.15,0.512,0.485,-2.0,-2.9000000000000057,0.8999999999999999,0.5300000000000011,0.008000000000000007,0.013000000000000012,-0.0010000000000000009,-0.0010000000000000009,-0.027000000000000024,1.3340198567505552,3.3207,0.0784,1.457,14.0417,0.6308,93.0639
1627751,Jakob Poeltl,2022-23,2023-02-09,SAS,TOR,46,26,large_shift,26.1522,12.087,9.0435,3.0652,0.7826,1.1304,2.087,0.6117,0.0,0.4054,0.6251,105.6944,-5.7826,0.4622,0.1172,0.3458,0.0798,109.7,114.6,119.6,113.1,-9.9,1.5,102.07,97.85,0.554,0.555,0.525,0.517,0.632,0.571,0.148,0.118,0.495,0.502,4.8999999999999915,-6.5,11.4,-4.219999999999999,0.0010000000000000009,-0.008000000000000007,-0.061000000000000054,-0.03,0.007000000000000006,2.56749219982644,1.0284,0.0265,-4.5652,13.1154,0.6516,101.1292
1630180,Saddiq Bey,2022-23,2023-02-09,DET,ATL,52,25,small_shift,28.8269,14.8269,4.6538,1.6154,0.9615,0.2308,1.0385,0.3887,0.3027,0.7578,0.5523,120.5385,-4.75,0.5143,0.056,0.1614,0.036,109.9,115.5,117.8,115.4,-7.9,0.1,99.88,101.56,0.561,0.579,0.52,0.541,0.581,0.56,0.15,0.126,0.491,0.5,5.599999999999994,-2.3999999999999915,8.0,1.6800000000000068,0.017999999999999905,0.02100000000000002,-0.020999999999999908,-0.023999999999999994,0.009000000000000008,1.0480198107978205,-3.1869,0.047,-22.9474,11.64,0.5994,97.5911
1626196,Josh Richardson,2022-23,2023-02-09,SAS,NOP,42,23,medium_shift,23.7857,11.4524,2.8333,3.2619,0.9524,0.2619,1.5,0.4188,0.3347,0.5121,0.5562,116.6014,-3.0952,0.4815,0.1371,0.1191,0.0631,109.7,113.8,119.6,112.0,-9.9,1.9,102.07,99.58,0.554,0.582,0.525,0.543,0.632,0.616,0.148,0.145,0.495,0.512,4.099999999999994,-7.599999999999994,11.8,-2.489999999999995,0.027999999999999914,0.018000000000000016,-0.016000000000000014,-0.0030000000000000027,0.017000000000000015,2.187663183757623,-3.9306,-0.0061,-35.253,7.5217,0.5501,81.3484
201935,James Harden,2021-22,2022-02-10,BKN,PHI,44,21,small_shift,36.9545,22.5,7.9773,10.1591,1.2727,0.7045,4.8182,0.413,0.315,0.8746,0.5756,159.1839,0.5682,0.6089,0.2749,0.2159,0.1304,113.2,113.0,112.3,110.2,0.9,2.8,99.4,96.71,0.576,0.578,0.54,0.534,0.602,0.602,0.141,0.129,0.499,0.49,-0.20000000000000284,-2.0999999999999943,1.9,-2.690000000000012,0.0020000000000000018,-0.006000000000000005,0.0,-0.011999999999999983,-0.009000000000000008,1.4127072683150215,-1.4524,0.0252,-21.5386,21.0476,0.6008,137.6453
1630169,Tyrese Haliburton,2021-22,2022-02-08,SAC,IND,51,26,small_shift,34.4314,14.2549,3.902,7.4314,1.6863,0.6667,2.2549,0.4475,0.4009,0.4902,0.5754,101.9609,-4.4118,0.414,0.2158,0.1133,0.0655,109.6,111.9,114.8,115.5,-5.2,-3.6,100.1,98.55,0.561,0.564,0.525,0.531,0.585,0.612,0.14,0.145,0.484,0.512,2.3000000000000114,0.7000000000000028,1.6,-1.5499999999999972,0.0029999999999998916,0.006000000000000005,0.027000000000000024,0.004999999999999977,0.028000000000000025,1.4034875669873508,3.2066,0.0537,13.2863,17.4615,0.6291,115.2473
1627734,Domantas Sabonis,2021-22,2022-02-08,IND,SAC,47,15,small_shift,34.7234,18.8936,12.0638,5.0213,0.9787,0.4681,3.0426,0.5737,0.2715,0.716,0.6486,123.4846,0.234,0.5441,0.1446,0.3474,0.0876,111.9,109.6,115.5,114.8,-3.6,-5.2,98.55,100.1,0.564,0.561,0.531,0.525,0.612,0.585,0.145,0.14,0.512,0.484,-2.3000000000000114,-0.7000000000000028,-1.6,1.5499999999999972,-0.0029999999999998916,-0.006000000000000005,-0.027000000000000024,-0.004999999999999977,-0.028000000000000025,1.658038634093455,-0.027,-0.0454,12.2974,18.8667,0.6033,135.782
203468,CJ McCollum,2021-22,2022-02-08,POR,NOP,36,26,small_shift,35.1944,20.5278,4.25,4.5278,1.0,0.5833,1.9444,0.4354,0.3678,0.4656,0.5317,146.743,-3.1389,0.5833,0.1287,0.1208,0.0552,107.3,111.2,116.3,112.0,-9.1,-0.8,98.74,98.02,0.55,0.557,0.515,0.517,0.595,0.621,0.146,0.143,0.487,0.518,3.9000000000000057,-4.299999999999997,8.299999999999999,-0.7199999999999989,0.007000000000000006,0.0020000000000000018,0.026000000000000023,-0.0030000000000000027,0.031000000000000028,1.3247181954198943,3.7415,0.0484,21.207,24.2692,0.5801,167.9501
1628401,Derrick White,2021-22,2022-02-10,SAS,BOS,49,26,medium_shift,30.3673,14.4082,3.5306,5.5918,1.0,0.8571,1.7755,0.4156,0.287,0.7233,0.5512,116.7273,0.6531,0.4745,0.1841,0.1163,0.0585,111.9,113.6,111.7,106.2,0.2,7.4,100.51,97.26,0.556,0.578,0.527,0.542,0.646,0.609,0.126,0.139,0.494,0.509,1.6999999999999886,-5.5,7.2,-3.25,0.02199999999999991,0.015000000000000013,-0.03700000000000003,0.013000000000000012,0.015000000000000013,1.8658393982220727,-3.4082,-0.0075,-14.9167,11.0,0.5437,101.8106
203496,Robert Covington,2021-22,2022-02-08,POR,LAC,48,22,small_shift,29.7917,7.6042,5.7083,1.4167,1.5417,1.3125,1.2083,0.365,0.3154,0.2656,0.5187,69.6621,-0.8125,0.2552,0.0476,0.1916,0.0406,107.3,109.5,116.3,109.5,-9.1,0.0,98.74,98.51,0.55,0.564,0.515,0.531,0.595,0.599,0.146,0.139,0.487,0.486,2.200000000000003,-6.799999999999997,9.1,-0.22999999999998977,0.013999999999999901,0.016000000000000014,0.0040000000000000036,-0.0069999999999999785,-0.0010000000000000009,1.6462176780877504,2.6686,0.1514,22.7764,10.2727,0.6701,92.4385
1628404,Josh Hart,2021-22,2022-02-08,NOP,POR,41,13,large_shift,33.4878,13.3659,7.7561,4.0976,1.0976,0.2683,1.9756,0.5189,0.3035,0.6152,0.6038,95.3641,-3.0244,0.3991,0.1224,0.2316,0.059,111.2,107.3,112.0,116.3,-0.8,-9.1,98.02,98.74,0.557,0.55,0.517,0.515,0.621,0.595,0.143,0.146,0.518,0.487,-3.9000000000000057,4.299999999999997,-8.299999999999999,0.7199999999999989,-0.007000000000000006,-0.0020000000000000018,-0.026000000000000023,0.0030000000000000027,-0.031000000000000028,2.637627459047969,6.5572,0.0185,45.1576,19.9231,0.6224,140.5217
1627747,Caris LeVert,2021-22,2022-02-06,IND,CLE,39,19,medium_shift,31.1538,18.6667,3.8462,4.4359,0.8974,0.4615,1.9231,0.4493,0.3184,0.5813,0.5304,152.5808,-0.4872,0.5992,0.1424,0.1235,0.0617,111.9,111.0,115.5,108.9,-3.6,2.1,98.55,96.83,0.564,0.571,0.531,0.538,0.612,0.634,0.145,0.148,0.512,0.506,-0.9000000000000057,-6.599999999999994,5.7,-1.7199999999999989,0.007000000000000006,0.007000000000000006,0.02200000000000002,0.0030000000000000027,-0.006000000000000005,2.0838495521904354,-5.0877,-0.0199,-27.6993,13.5789,0.5105,124.8815
203552,Seth Curry,2021-22,2022-02-10,PHI,BKN,45,19,medium_shift,34.8222,15.0222,3.3556,4.0222,0.8,0.2444,1.8667,0.4734,0.4149,0.5019,0.6034,102.0088,2.5556,0.4314,0.1155,0.0964,0.0536,113.0,113.2,110.2,112.3,2.8,0.9,96.71,99.4,0.578,0.576,0.534,0.54,0.602,0.602,0.129,0.141,0.49,0.499,0.20000000000000284,2.0999999999999943,-1.9,2.690000000000012,-0.0020000000000000018,0.006000000000000005,0.0,0.011999999999999983,0.009000000000000008,1.885152232143367,-0.0749,0.0413,2.4231,14.9474,0.6448,104.4319
204001,Kristaps Porzingis,2021-22,2022-02-10,DAL,WAS,34,17,large_shift,29.4706,19.2353,7.6765,2.0294,0.7353,1.7353,1.5588,0.4467,0.2569,0.8164,0.5611,159.2298,1.4412,0.6527,0.0689,0.2605,0.0529,112.5,110.2,109.1,113.6,3.5,-3.4,95.64,97.8,0.572,0.568,0.538,0.532,0.595,0.617,0.13,0.133,0.496,0.494,-2.299999999999997,4.5,-6.9,2.1599999999999966,-0.0040000000000000036,-0.006000000000000005,0.02200000000000002,0.0030000000000000027,-0.0020000000000000018,2.679699107487044,2.8824,0.0453,14.6792,22.1176,0.6064,173.909
203915,Spencer Dinwiddie,2021-22,2022-02-10,WAS,DAL,44,23,small_shift,30.1818,12.6364,4.7045,5.8182,0.6136,0.1591,1.6591,0.351,0.2624,0.6173,0.501,116.0322,-2.3636,0.4187,0.1928,0.1559,0.055,110.2,112.5,113.6,109.1,-3.4,3.5,97.8,95.64,0.568,0.572,0.532,0.538,0.617,0.595,0.133,0.13,0.494,0.496,2.299999999999997,-4.5,6.9,-2.1599999999999966,0.0040000000000000036,0.006000000000000005,-0.02200000000000002,-0.0030000000000000027,0.0020000000000000018,1.2869190698481365,3.1462,0.1228,8.4562,15.7826,0.6238,124.4884
203932,Aaron Gordon,2020-21,2021-03-25,ORL,DEN,25,25,large_shift,29.48,14.56,6.64,4.2,0.64,0.8,2.68,0.4254,0.3711,0.5686,0.5366,133.3839,-1.4,0.4939,0.1425,0.2252,0.0909,104.6,116.3,113.9,111.5,-9.3,4.8,99.17,97.74,0.527,0.588,0.49,0.557,0.57,0.621,0.129,0.136,0.488,0.522,11.700000000000003,-2.4000000000000057,14.100000000000001,-1.4300000000000068,0.06099999999999994,0.06700000000000006,0.051000000000000045,0.007000000000000006,0.03400000000000003,3.507093068967578,-4.4,0.027,-36.917,10.16,0.5635,96.4669
202696,Nikola Vucevic,2020-21,2021-03-25,ORL,CHI,44,26,large_shift,34.0682,24.5455,11.75,3.7955,0.9545,0.6364,1.8864,0.4785,0.4223,0.6452,0.5646,167.8077,-6.3182,0.7205,0.1114,0.3449,0.0554,104.6,110.4,113.9,111.5,-9.3,-1.1,99.17,99.58,0.527,0.575,0.49,0.547,0.57,0.635,0.129,0.151,0.488,0.519,5.800000000000011,-2.4000000000000057,8.200000000000001,0.4099999999999966,0.04799999999999993,0.05700000000000005,0.06500000000000006,0.021999999999999992,0.031000000000000028,2.595101488943148,-3.0455,-0.0147,-10.9534,21.5,0.5499,156.8543
203095,Evan Fournier,2020-21,2021-03-25,ORL,BOS,26,16,medium_shift,30.2308,19.6538,2.8846,3.6538,1.0385,0.3462,2.0769,0.4568,0.3699,0.7836,0.6038,146.9048,-3.0385,0.6501,0.1209,0.0954,0.0687,104.6,113.1,113.9,111.8,-9.3,1.2,99.17,98.94,0.527,0.574,0.49,0.543,0.57,0.566,0.129,0.141,0.488,0.51,8.5,-2.1000000000000085,10.5,-0.23000000000000398,0.04699999999999993,0.05300000000000005,-0.0040000000000000036,0.011999999999999983,0.02200000000000002,2.119480239891141,-6.6538,-0.0201,-46.0074,13.0,0.5837,100.8974
200765,Rajon Rondo,2020-21,2021-03-25,ATL,LAC,27,18,small_shift,14.9259,3.9259,2.037,3.5185,0.7037,0.0741,1.4444,0.4106,0.2741,0.0185,0.478,90.4525,-1.8148,0.263,0.2357,0.1365,0.0968,114.3,116.7,112.1,110.6,2.2,6.1,98.68,97.63,0.581,0.599,0.539,0.564,0.591,0.584,0.133,0.135,0.516,0.518,2.4000000000000057,-1.5,3.8999999999999995,-1.0500000000000114,0.018000000000000016,0.02499999999999991,-0.007000000000000006,0.0020000000000000018,0.0020000000000000018,0.4824365938302284,3.6296,0.1313,11.3705,7.5556,0.6093,101.823
200755,JJ Redick,2020-21,2021-03-25,NOP,DAL,31,13,small_shift,18.5806,8.7097,1.6774,1.2903,0.2903,0.0645,0.8065,0.3884,0.3425,0.5806,0.5753,107.6189,-1.0,0.4688,0.0694,0.0903,0.0434,113.0,114.6,113.3,112.3,-0.3,2.3,100.54,97.94,0.57,0.582,0.537,0.55,0.612,0.557,0.144,0.123,0.527,0.496,1.5999999999999943,-1.0,2.5999999999999996,-2.6000000000000085,0.01200000000000001,0.013000000000000012,-0.05499999999999994,-0.02099999999999999,-0.031000000000000028,1.4083308358502695,-4.3251,-0.0589,2.7361,4.3846,0.5163,110.3549
1626181,Norman Powell,2020-21,2021-03-25,TOR,POR,42,27,large_shift,30.4286,19.5952,3.0,1.8333,1.119,0.1905,1.8333,0.4761,0.4167,0.7344,0.6453,134.7994,-0.4524,0.644,0.0602,0.0986,0.0602,111.6,117.1,112.0,115.3,-0.4,1.8,99.57,98.97,0.567,0.577,0.529,0.54,0.607,0.515,0.133,0.112,0.479,0.495,5.5,3.299999999999997,2.2,-0.5999999999999943,0.010000000000000009,0.01100000000000001,-0.09199999999999997,-0.021000000000000005,0.016000000000000014,2.4305290052868416,-2.5582,-0.0696,-19.4248,17.037,0.5757,115.3746
203496,Robert Covington,2019-20,2020-02-05,MIN,HOU,48,22,small_shift,29.375,12.8125,5.9792,1.1667,1.6667,0.9375,1.5208,0.4333,0.3314,0.5754,0.5722,99.9529,-0.8958,0.4362,0.0397,0.2035,0.0518,107.6,112.5,111.6,109.8,-4.0,2.7,103.94,104.04,0.551,0.578,0.514,0.537,0.59,0.53,0.146,0.14,0.488,0.48,4.900000000000006,-1.7999999999999972,6.7,0.10000000000000853,0.026999999999999913,0.02300000000000002,-0.05999999999999994,-0.005999999999999978,-0.008000000000000007,1.344703850976546,-1.2216,-0.0414,-14.2172,11.5909,0.5308,85.7357
1626156,D'Angelo Russell,2019-20,2020-02-06,GSW,MIN,33,12,small_shift,32.1212,23.6061,3.697,6.2424,0.9394,0.2727,3.0606,0.4201,0.3392,0.697,0.5577,179.1243,-6.9697,0.7349,0.1943,0.1151,0.0953,104.4,107.6,113.0,111.6,-8.6,-4.0,101.04,103.94,0.54,0.551,0.497,0.514,0.663,0.59,0.146,0.146,0.481,0.488,3.1999999999999886,-1.4000000000000057,4.6,2.8999999999999915,0.01100000000000001,0.017000000000000015,-0.07300000000000006,0.0,0.007000000000000006,1.8274566291953451,-1.9394,-0.005,-12.6377,21.6667,0.5527,166.4866
203952,Andrew Wiggins,2019-20,2020-02-06,MIN,GSW,42,12,large_shift,34.619,22.4286,5.2143,3.6905,0.6905,0.8571,2.5476,0.4384,0.3166,0.7053,0.5346,156.912,-2.8095,0.6479,0.1066,0.1506,0.0736,107.6,104.4,111.6,113.0,-4.0,-8.6,103.94,101.04,0.551,0.54,0.514,0.497,0.59,0.663,0.146,0.146,0.488,0.481,-3.1999999999999886,1.4000000000000057,-4.6,-2.8999999999999915,-0.01100000000000001,-0.017000000000000015,0.07300000000000006,0.0,-0.007000000000000006,3.1008796041492124,-3.0119,0.0077,-15.5494,19.4167,0.5423,141.3626
202694,Marcus Morris Sr.,2019-20,2020-02-06,NYK,LAC,43,19,large_shift,32.2558,19.5581,5.4186,1.3721,0.7907,0.3953,1.6977,0.4324,0.4408,0.8002,0.5815,138.9939,-2.907,0.6063,0.0425,0.168,0.0526,105.9,113.3,112.4,106.9,-6.5,6.3,99.11,102.16,0.531,0.577,0.501,0.535,0.552,0.571,0.143,0.142,0.513,0.515,7.3999999999999915,-5.5,12.8,3.049999999999997,0.04599999999999993,0.03400000000000003,0.018999999999999906,-0.0010000000000000009,0.0020000000000000018,2.689424318590659,-9.4529,-0.0589,-50.286,10.1053,0.5226,88.7079
202699,Tobias Harris,2018-19,2019-02-06,LAC,PHI,55,27,medium_shift,34.6,20.9455,7.8545,2.7273,0.7273,0.4364,1.9818,0.4866,0.4063,0.847,0.6054,130.264,0.2545,0.6054,0.0788,0.227,0.0573,111.4,111.6,110.4,109.0,1.0,2.6,102.66,102.59,0.575,0.574,0.529,0.532,0.582,0.648,0.141,0.144,0.5,0.517,0.19999999999998863,-1.4000000000000057,1.6,-0.06999999999999318,-0.0010000000000000009,0.0030000000000000027,0.06600000000000006,0.0030000000000000027,0.017000000000000015,2.0886177855119428,-2.7232,-0.0434,-11.6317,18.2222,0.562,118.6323
201188,Marc Gasol,2018-19,2019-02-07,MEM,TOR,53,26,medium_shift,33.8113,15.7358,8.5849,4.6792,1.1321,1.1887,2.2453,0.4484,0.3334,0.7083,0.5405,122.7538,-0.9057,0.4654,0.1384,0.2539,0.0664,105.6,112.6,108.0,106.8,-2.4,5.8,97.15,100.51,0.548,0.579,0.508,0.543,0.631,0.603,0.143,0.138,0.484,0.502,7.0,-1.2000000000000028,8.2,3.3599999999999994,0.030999999999999917,0.03500000000000003,-0.028000000000000025,-0.004999999999999977,0.018000000000000016,1.9420704680263554,-6.6205,0.0241,-32.1493,9.1154,0.5646,90.6046
202703,Nikola Mirotic,2018-19,2019-02-07,NOP,MIL,32,14,small_shift,28.875,16.6875,8.25,1.0938,0.6562,0.7812,1.1562,0.4202,0.3366,0.6809,0.5914,122.1172,1.0938,0.5779,0.0379,0.2857,0.04,110.7,113.5,112.0,104.9,-1.3,8.6,103.89,103.57,0.563,0.583,0.529,0.55,0.619,0.601,0.142,0.133,0.509,0.516,2.799999999999997,-7.099999999999994,9.9,-0.3200000000000074,0.020000000000000018,0.02100000000000002,-0.018000000000000016,-0.00899999999999998,0.007000000000000006,1.706252855462169,-5.0446,-0.0298,-9.4154,11.6429,0.5616,112.7018
203084,Harrison Barnes,2018-19,2019-02-06,DAL,SAC,48,28,medium_shift,32.3542,17.8333,4.25,1.2708,0.6875,0.2292,1.3958,0.4069,0.3791,0.743,0.541,133.1461,-1.5833,0.5512,0.0393,0.1314,0.0431,108.7,109.6,110.1,110.8,-1.5,-1.2,99.6,103.88,0.555,0.554,0.519,0.524,0.603,0.588,0.142,0.128,0.503,0.487,0.8999999999999915,0.7000000000000028,0.30000000000000004,4.280000000000001,-0.0010000000000000009,0.0050000000000000044,-0.015000000000000013,-0.013999999999999985,-0.016000000000000014,2.060987190724611,-3.5833,0.0369,-41.8991,14.25,0.5779,91.247
203493,Reggie Bullock,2018-19,2019-02-07,DET,LAL,44,19,large_shift,30.8182,12.1364,2.7955,2.4773,0.5455,0.1136,1.2273,0.3937,0.3629,0.4773,0.5691,94.6002,0.2955,0.3938,0.0804,0.0907,0.0398,108.4,107.4,108.7,108.9,-0.3,-1.6,97.88,103.6,0.544,0.554,0.509,0.527,0.579,0.6,0.14,0.15,0.509,0.502,-1.0,0.20000000000000284,-1.3,5.719999999999999,0.010000000000000009,0.018000000000000016,0.02100000000000002,0.009999999999999981,-0.007000000000000006,2.7087136384731547,-2.8206,-0.0236,-17.8644,9.3158,0.5455,76.7358
203490,Otto Porter Jr.,2018-19,2019-02-07,WAS,CHI,41,15,large_shift,29.0976,12.6341,5.6341,1.9512,1.561,0.5366,0.9756,0.4425,0.3491,0.4285,0.5509,100.3919,-0.9024,0.4342,0.0671,0.1936,0.0335,110.2,104.5,112.9,112.8,-2.7,-8.3,102.23,99.3,0.567,0.541,0.531,0.505,0.623,0.55,0.136,0.141,0.477,0.483,-5.700000000000003,-0.10000000000000853,-5.6000000000000005,-2.930000000000007,-0.025999999999999912,-0.026000000000000023,-0.07299999999999995,0.004999999999999977,0.006000000000000005,3.3120895887698545,4.8325,0.0582,17.0683,17.4667,0.6091,117.4603
202683,Enes Kanter,2018-19,2019-02-07,NYK,POR,44,23,medium_shift,25.5455,13.9545,10.4773,1.9091,0.4091,0.3864,1.7955,0.5308,0.125,0.5904,0.585,128.7108,-4.75,0.5463,0.0747,0.4101,0.0703,104.0,113.7,112.9,109.5,-8.9,4.2,100.16,99.96,0.529,0.568,0.49,0.528,0.525,0.544,0.14,0.137,0.486,0.526,9.700000000000003,-3.4000000000000057,13.100000000000001,-0.20000000000000284,0.038999999999999924,0.038000000000000034,0.019000000000000017,-0.0030000000000000027,0.040000000000000036,2.2652343492087845,-0.8676,0.0295,4.43,13.087,0.6145,133.1408
201599,DeAndre Jordan,2018-19,2019-01-29,DAL,NYK,49,19,large_shift,31.2245,11.1224,13.8163,2.0,0.6735,1.0816,2.2449,0.6494,0.0,0.5769,0.6693,81.4426,-0.6735,0.3562,0.0641,0.4425,0.0719,108.7,104.0,110.1,112.9,-1.5,-8.9,99.6,100.16,0.555,0.529,0.519,0.49,0.603,0.525,0.142,0.14,0.503,0.486,-4.700000000000003,2.8000000000000114,-7.4,0.5600000000000023,-0.026000000000000023,-0.029000000000000026,-0.07799999999999996,-0.001999999999999974,-0.017000000000000015,3.2798412072399055,-0.2277,0.0114,12.8681,10.8947,0.6807,94.3108
201933,Blake Griffin,2017-18,2018-01-29,LAC,DET,33,25,large_shift,34.5152,22.6061,7.9394,5.4242,0.8788,0.2727,3.0,0.4437,0.3397,0.7855,0.5531,163.7086,0.7576,0.655,0.1572,0.23,0.0869,109.4,106.6,109.2,106.7,0.2,-0.1,99.54,96.75,0.564,0.543,0.527,0.512,0.555,0.582,0.147,0.138,0.504,0.499,-2.8000000000000114,-2.5,-0.30000000000000004,-2.7900000000000063,-0.020999999999999908,-0.015000000000000013,0.026999999999999913,-0.00899999999999998,-0.0050000000000000044,2.5624047897635505,-2.7661,-0.0219,-4.4588,19.84,0.5312,159.2498
202738,Isaiah Thomas,2017-18,2018-02-08,CLE,LAL,15,17,large_shift,27.0667,14.7333,2.0667,4.5333,0.6,0.1333,2.7333,0.3653,0.2357,0.7546,0.4935,158.6335,-8.8,0.5443,0.1675,0.0764,0.101,112.0,106.0,111.1,107.3,1.0,-1.3,98.72,100.9,0.584,0.548,0.547,0.517,0.579,0.584,0.139,0.155,0.492,0.505,-6.0,-3.799999999999997,-2.3,2.180000000000007,-0.03599999999999992,-0.030000000000000027,0.0050000000000000044,0.015999999999999986,0.013000000000000012,3.38056550301822,0.8549,0.0267,2.0491,15.5882,0.5202,160.6825
203903,Jordan Clarkson,2017-18,2018-02-08,LAL,CLE,53,28,medium_shift,23.6415,14.5472,3.0,3.2642,0.7358,0.0566,1.7925,0.4352,0.2912,0.6145,0.5317,155.6773,-0.3962,0.6153,0.1381,0.1269,0.0758,106.0,112.0,107.3,111.1,-1.3,1.0,100.9,98.72,0.548,0.584,0.517,0.547,0.584,0.579,0.155,0.139,0.505,0.492,6.0,3.799999999999997,2.3,-2.180000000000007,0.03599999999999992,0.030000000000000027,-0.0050000000000000044,-0.015999999999999986,-0.013000000000000012,2.2636047180177603,-1.94,0.0331,-23.1506,12.6071,0.5648,132.5267
1626204,Larry Nance Jr.,2017-18,2018-02-08,LAL,CLE,42,24,medium_shift,21.9524,8.5714,6.7619,1.3571,1.4048,0.4762,0.9762,0.5815,0.0238,0.4456,0.618,85.7222,-1.0,0.3905,0.0618,0.308,0.0445,106.0,112.0,107.3,111.1,-1.3,1.0,100.9,98.72,0.548,0.584,0.517,0.547,0.584,0.579,0.155,0.139,0.505,0.492,6.0,3.799999999999997,2.3,-2.180000000000007,0.03599999999999992,0.030000000000000027,-0.0050000000000000044,-0.015999999999999986,-0.013000000000000012,2.2636047180177603,0.3036,-0.0328,7.6327,8.875,0.5852,93.3549
203918,Rodney Hood,2017-18,2018-02-08,UTA,CLE,39,21,large_shift,27.7692,16.7949,2.8462,1.6667,0.7692,0.1795,1.6154,0.4184,0.3861,0.6239,0.5507,150.9073,-2.0513,0.6048,0.06,0.1025,0.0582,107.4,112.0,103.0,111.1,4.4,1.0,96.58,98.72,0.564,0.584,0.527,0.547,0.586,0.579,0.152,0.139,0.509,0.492,4.599999999999994,8.099999999999994,-3.4000000000000004,2.1400000000000006,0.020000000000000018,0.020000000000000018,-0.007000000000000006,-0.012999999999999984,-0.017000000000000015,3.1256991604556106,-5.9853,-0.0181,-50.1464,10.8095,0.5327,100.7609
2207,Joe Johnson,2017-18,2018-02-08,UTA,HOU,32,23,medium_shift,21.8438,7.2812,3.3438,1.4062,0.375,0.1875,0.9688,0.4021,0.226,0.3203,0.4925,95.1192,-3.0312,0.3333,0.0644,0.1531,0.0444,107.4,114.1,103.0,105.7,4.4,8.4,96.58,98.02,0.564,0.59,0.527,0.551,0.586,0.557,0.152,0.141,0.509,0.503,6.699999999999989,2.700000000000003,4.0,1.4399999999999977,0.026000000000000023,0.02400000000000002,-0.028999999999999915,-0.01100000000000001,-0.006000000000000005,1.8527527978247704,-1.2378,-0.0073,-16.9424,6.0435,0.4852,78.1768
201588,George Hill,2017-18,2018-02-08,SAC,CLE,43,24,large_shift,26.5581,10.2558,2.7209,2.7674,0.907,0.2791,1.3953,0.4318,0.3493,0.5364,0.5967,94.5291,-5.7442,0.3862,0.1042,0.1025,0.0525,103.1,112.0,110.4,111.1,-7.3,1.0,95.5,98.72,0.529,0.584,0.502,0.547,0.556,0.579,0.143,0.139,0.489,0.492,8.900000000000006,0.6999999999999886,8.3,3.219999999999999,0.05499999999999994,0.04500000000000004,0.02299999999999991,-0.003999999999999976,0.0030000000000000027,3.00986451618624,-0.8391,-0.0455,-9.8433,9.4167,0.5511,84.6858
202326,DeMarcus Cousins,2016-17,2017-02-20,SAC,NOP,55,17,large_shift,34.3818,27.7818,10.6,4.8364,1.3636,1.3455,3.7636,0.4526,0.3349,0.7355,0.5619,208.3662,-0.5818,0.808,0.1407,0.3083,0.1095,106.6,104.7,110.8,106.8,-4.2,-2.1,95.42,98.56,0.556,0.539,0.516,0.504,0.594,0.582,0.152,0.129,0.492,0.48,-1.8999999999999915,-4.0,2.1,3.1400000000000006,-0.017000000000000015,-0.01200000000000001,-0.01200000000000001,-0.022999999999999993,-0.01200000000000001,2.3598862621250327,-3.4289,0.0017,-26.5876,24.3529,0.5637,181.7787
201586,Serge Ibaka,2016-17,2017-02-14,ORL,TOR,56,23,large_shift,30.5714,15.1071,6.8214,1.0714,0.6071,1.625,1.1786,0.4801,0.3847,0.4979,0.5693,117.0452,-3.3214,0.4942,0.035,0.2231,0.0386,103.7,111.4,110.3,107.1,-6.5,4.3,96.9,95.41,0.524,0.561,0.489,0.517,0.58,0.472,0.137,0.132,0.491,0.505,7.700000000000003,-3.200000000000003,10.8,-1.490000000000009,0.03700000000000003,0.028000000000000025,-0.10799999999999998,-0.0050000000000000044,0.014000000000000012,2.810658146434816,-0.8898,-0.0131,0.5878,14.2174,0.5562,117.6331
200782,P.J. Tucker,2016-17,2017-02-23,PHX,TOR,57,24,large_shift,28.5263,7.0351,6.0,1.2807,1.4912,0.2456,0.9123,0.3647,0.2509,0.3513,0.5169,64.3797,-2.6842,0.2466,0.0449,0.2103,0.032,106.1,111.4,111.3,107.1,-5.2,4.3,100.85,95.41,0.538,0.561,0.493,0.517,0.491,0.472,0.152,0.132,0.503,0.505,5.300000000000011,-4.200000000000003,9.5,-5.439999999999998,0.02300000000000002,0.02400000000000002,-0.019000000000000017,-0.01999999999999999,0.0020000000000000018,2.3817641282491224,-1.2434,-0.0023,-2.7179,5.7917,0.5147,61.6619
201959,Taj Gibson,2016-17,2017-02-23,CHI,OKC,55,23,small_shift,27.3636,11.6182,6.9455,1.0909,0.4909,0.9091,1.4,0.5265,0.0364,0.5339,0.5486,109.5054,-0.3273,0.4246,0.0399,0.2538,0.0512,106.5,107.9,106.2,107.1,0.3,0.8,96.02,98.18,0.53,0.54,0.487,0.5,0.584,0.532,0.14,0.152,0.519,0.528,1.4000000000000057,0.8999999999999915,0.5,2.160000000000011,0.010000000000000009,0.013000000000000012,-0.051999999999999935,0.011999999999999983,0.009000000000000008,1.5233137079506411,-2.6182,-0.021,3.9432,9.0,0.5276,113.4486
203926,Doug McDermott,2016-17,2017-02-23,CHI,OKC,44,22,small_shift,24.5,10.1591,2.9545,1.0227,0.25,0.0909,0.7273,0.4522,0.3031,0.5339,0.5553,100.7397,0.2273,0.4147,0.0417,0.1206,0.0297,106.5,107.9,106.2,107.1,0.3,0.8,96.02,98.18,0.53,0.54,0.487,0.5,0.584,0.532,0.14,0.152,0.519,0.528,1.4000000000000057,0.8999999999999915,0.5,2.160000000000011,0.010000000000000009,0.013000000000000012,-0.051999999999999935,0.011999999999999983,0.009000000000000008,1.5233137079506411,-3.5682,-0.0039,-22.402,6.5909,0.5514,78.3376
101141,Ersan Ilyasova,2016-17,2017-02-23,PHI,ATL,53,26,small_shift,27.3019,14.8302,5.9245,1.8302,0.6226,0.2642,1.4717,0.4373,0.3627,0.6318,0.5531,132.0053,-1.6415,0.5432,0.067,0.217,0.0539,102.7,104.5,108.2,105.2,-5.5,-0.7,99.07,97.76,0.539,0.541,0.501,0.504,0.631,0.621,0.167,0.16,0.49,0.502,1.7999999999999972,-3.0,4.8,-1.309999999999988,0.0020000000000000018,0.0030000000000000027,-0.010000000000000009,-0.007000000000000006,0.01200000000000001,0.8636950961228174,-4.4456,-0.0229,-20.2528,10.3846,0.5302,111.7525
202711,Bojan Bogdanovic,2016-17,2017-02-23,BKN,WAS,55,26,medium_shift,26.9273,14.2364,3.5818,1.6364,0.4364,0.0545,1.6909,0.4258,0.3356,0.6665,0.572,123.8258,-5.3455,0.5287,0.0608,0.133,0.0628,103.6,110.4,110.1,108.8,-6.5,1.7,101.75,97.94,0.551,0.564,0.507,0.528,0.566,0.577,0.162,0.143,0.483,0.501,6.800000000000011,-1.2999999999999972,8.2,-3.8100000000000023,0.0129999999999999,0.02100000000000002,0.01100000000000001,-0.019000000000000017,0.018000000000000016,1.8451249420435882,-1.5441,0.045,1.1283,12.6923,0.617,124.954
202699,Tobias Harris,2015-16,2016-02-18,ORL,DET,49,27,medium_shift,32.898,13.6531,6.9796,2.0204,0.9592,0.5714,1.5918,0.4673,0.2962,0.6257,0.5499,105.6906,-0.6531,0.415,0.0614,0.2122,0.0484,104.4,105.3,106.0,104.9,-1.6,0.3,96.68,95.75,0.533,0.522,0.5,0.491,0.596,0.512,0.144,0.14,0.495,0.521,0.8999999999999915,-1.0999999999999943,1.9000000000000001,-0.9300000000000068,-0.01100000000000001,-0.009000000000000008,-0.08399999999999996,-0.003999999999999976,0.026000000000000023,2.0582272325944273,2.9025,0.0268,10.2259,16.5556,0.5766,115.9165
202693,Markieff Morris,2015-16,2016-02-18,PHX,WAS,37,27,small_shift,24.7838,11.6216,5.2432,2.3514,0.8919,0.4595,2.4324,0.3819,0.2387,0.4764,0.456,147.8541,-3.5405,0.4689,0.0949,0.2116,0.0981,101.5,104.5,107.9,105.1,-6.5,-0.5,99.39,99.16,0.526,0.544,0.487,0.511,0.558,0.619,0.173,0.145,0.508,0.49,3.0,-2.8000000000000114,6.0,-0.23000000000000398,0.018000000000000016,0.02400000000000002,0.06099999999999994,-0.027999999999999997,-0.018000000000000016,1.8099911871962384,0.7858,0.0822,-26.9394,12.4074,0.5382,120.9147
201584,Courtney Lee,2015-16,2016-02-18,MEM,CHA,51,28,small_shift,29.2549,10.0196,2.3137,1.4902,1.0196,0.3137,0.9608,0.4545,0.3415,0.5707,0.5561,87.0602,0.8431,0.3425,0.0509,0.0791,0.0328,104.7,106.4,107.1,103.7,-2.4,2.7,93.95,96.24,0.524,0.545,0.477,0.502,0.562,0.586,0.14,0.129,0.495,0.499,1.7000000000000028,-3.3999999999999915,5.1,2.289999999999992,0.02100000000000002,0.025000000000000022,0.02399999999999991,-0.01100000000000001,0.0040000000000000036,1.5046681362292913,-1.091,-0.016,-12.0585,8.9286,0.5401,75.0016
